﻿{
  "parent": "item/generated",
  "textures": {
    "layer0": "mujmajnkraftsbettersurvival:items/itembstweaker_fieryingotnunchaku"
  },
  "display": {
	    "thirdperson_righthand": {
		    "rotation": [ 75, 90, 0 ],
		    "translation": [ 0.00, 7.00, 2.50 ],
	  	    "scale": [ 1.7, 1.7, 0.85 ]
	    },
	    "thirdperson_lefthand": {
		    "rotation": [ 75, -90, 0 ],
		    "translation": [ 0.00, 7.00, 2.50 ],
		    "scale": [ 1.7, 1.7, 0.85 ]
	    },
	    "firstperson_righthand": {
		    "rotation": [ 15, 90, 0 ],
		    "translation": [ -0.50, 2.85, 0.80 ],
		    "scale": [ 1.36, 1.36, 0.68 ]
	    },
	    "firstperson_lefthand": {
		    "rotation": [ 15, -90, 0 ],
		    "translation": [ -0.50, 2.85, 0.80 ],
		    "scale": [ 1.36, 1.36, 0.68 ]
	    }
    },
    "overrides": [
        {
            "predicate": {
                "spinning": 1
            },
            "model": "mujmajnkraftsbettersurvival:item/itembstweaker_fieryingotnunchakuspinning"
        }
    ]
}
