{
  "parent": "item/generated",
  "textures": {
    "layer0": "mujmajnkraftsbettersurvival:items/itemumbrium nunchakuspinning"
  },
  "display": {
        "thirdperson_righthand": {
        "rotation": [ 75, 90, 0 ],
        "translation": [ 0.00, 9.75, 8.00 ],
        "scale": [ 1.70, 1.70, 0.85 ]
    },
    "thirdperson_lefthand": {
        "rotation": [ 75, -90, 0 ],
        "translation": [ 0.00, 9.75, 8.00 ],
        "scale": [ 1.70, 1.70, 0.85 ]
    },
    "firstperson_righthand": {
        "rotation": [ 15, 90, 0 ],
        "translation": [ 0.00, 9.35, -2.20 ],
        "scale": [ 1.36, 1.36, 0.68 ]
    },
    "firstperson_lefthand": {
        "rotation": [ 15, -90, 0 ],
        "translation": [ 0.00, 9.35, -2.20 ],
  	    "scale": [ 1.36, 1.36, 0.68 ]
    	}
    }
}
